{"frames": {

"bgBet.png":
{
	"frame": {"x":1099,"y":1115,"w":389,"h":134},
	"rotated": false,
	"trimmed": false,
	"spriteSourceSize": {"x":0,"y":0,"w":389,"h":134},
	"sourceSize": {"w":389,"h":134}
},
"btnCashout.png":
{
	"frame": {"x":1844,"y":253,"w":113,"h":113},
	"rotated": false,
	"trimmed": true,
	"spriteSourceSize": {"x":1,"y":1,"w":113,"h":113},
	"sourceSize": {"w":115,"h":115}
},
"btnContract.png":
{
	"frame": {"x":1875,"y":368,"w":113,"h":113},
	"rotated": false,
	"trimmed": true,
	"spriteSourceSize": {"x":1,"y":1,"w":113,"h":113},
	"sourceSize": {"w":115,"h":115}
},
"btnDao.png":
{
	"frame": {"x":1875,"y":483,"w":113,"h":113},
	"rotated": false,
	"trimmed": true,
	"spriteSourceSize": {"x":1,"y":1,"w":113,"h":113},
	"sourceSize": {"w":115,"h":115}
},
"btnFacebook.png":
{
	"frame": {"x":1892,"y":1147,"w":63,"h":63},
	"rotated": false,
	"trimmed": false,
	"spriteSourceSize": {"x":0,"y":0,"w":63,"h":63},
	"sourceSize": {"w":63,"h":63}
},
"btnFullscreen.png":
{
	"frame": {"x":1875,"y":598,"w":113,"h":113},
	"rotated": false,
	"trimmed": true,
	"spriteSourceSize": {"x":1,"y":1,"w":113,"h":113},
	"sourceSize": {"w":115,"h":115}
},
"btnHistory.png":
{
	"frame": {"x":1875,"y":713,"w":113,"h":113},
	"rotated": false,
	"trimmed": true,
	"spriteSourceSize": {"x":1,"y":1,"w":113,"h":113},
	"sourceSize": {"w":115,"h":115}
},
"btnOk.png":
{
	"frame": {"x":1891,"y":1,"w":96,"h":92},
	"rotated": false,
	"trimmed": false,
	"spriteSourceSize": {"x":0,"y":0,"w":96,"h":92},
	"sourceSize": {"w":96,"h":92}
},
"btnSave.png":
{
	"frame": {"x":1875,"y":828,"w":113,"h":113},
	"rotated": false,
	"trimmed": true,
	"spriteSourceSize": {"x":1,"y":1,"w":113,"h":113},
	"sourceSize": {"w":115,"h":115}
},
"btnText.png":
{
	"frame": {"x":703,"y":1169,"w":250,"h":72},
	"rotated": false,
	"trimmed": false,
	"spriteSourceSize": {"x":0,"y":0,"w":250,"h":72},
	"sourceSize": {"w":250,"h":72}
},
"btnTwitter.png":
{
	"frame": {"x":1875,"y":1015,"w":64,"h":64},
	"rotated": false,
	"trimmed": false,
	"spriteSourceSize": {"x":0,"y":0,"w":64,"h":64},
	"sourceSize": {"w":64,"h":64}
},
"btnVK.png":
{
	"frame": {"x":1892,"y":1081,"w":64,"h":64},
	"rotated": false,
	"trimmed": false,
	"spriteSourceSize": {"x":0,"y":0,"w":64,"h":64},
	"sourceSize": {"w":64,"h":64}
},
"designWndDeposit.png":
{
	"frame": {"x":1099,"y":320,"w":566,"h":379},
	"rotated": false,
	"trimmed": true,
	"spriteSourceSize": {"x":0,"y":17,"w":566,"h":379},
	"sourceSize": {"w":566,"h":396}
},
"headScroll.png":
{
	"frame": {"x":1963,"y":181,"w":22,"h":56},
	"rotated": false,
	"trimmed": false,
	"spriteSourceSize": {"x":0,"y":0,"w":22,"h":56},
	"sourceSize": {"w":22,"h":56}
},
"icoBet.png":
{
	"frame": {"x":1891,"y":181,"w":70,"h":70},
	"rotated": false,
	"trimmed": false,
	"spriteSourceSize": {"x":0,"y":0,"w":70,"h":70},
	"sourceSize": {"w":70,"h":70}
},
"icoKey.png":
{
	"frame": {"x":955,"y":1169,"w":70,"h":70},
	"rotated": false,
	"trimmed": false,
	"spriteSourceSize": {"x":0,"y":0,"w":70,"h":70},
	"sourceSize": {"w":70,"h":70}
},
"icoTime.png":
{
	"frame": {"x":1027,"y":1169,"w":70,"h":70},
	"rotated": false,
	"trimmed": false,
	"spriteSourceSize": {"x":0,"y":0,"w":70,"h":70},
	"sourceSize": {"w":70,"h":70}
},
"icoWS.png":
{
	"frame": {"x":1875,"y":943,"w":70,"h":70},
	"rotated": false,
	"trimmed": false,
	"spriteSourceSize": {"x":0,"y":0,"w":70,"h":70},
	"sourceSize": {"w":70,"h":70}
},
"itemBet.png":
{
	"frame": {"x":1891,"y":95,"w":92,"h":84},
	"rotated": false,
	"trimmed": false,
	"spriteSourceSize": {"x":0,"y":0,"w":92,"h":84},
	"sourceSize": {"w":92,"h":84}
},
"itemDialog.png":
{
	"frame": {"x":1490,"y":1128,"w":400,"h":94},
	"rotated": false,
	"trimmed": true,
	"spriteSourceSize": {"x":3,"y":2,"w":400,"h":94},
	"sourceSize": {"w":411,"h":101}
},
"light.png":
{
	"frame": {"x":1061,"y":701,"w":372,"h":412},
	"rotated": false,
	"trimmed": false,
	"spriteSourceSize": {"x":0,"y":0,"w":372,"h":412},
	"sourceSize": {"w":372,"h":412}
},
"lightL.png":
{
	"frame": {"x":703,"y":1,"w":356,"h":582},
	"rotated": false,
	"trimmed": true,
	"spriteSourceSize": {"x":5,"y":0,"w":356,"h":582},
	"sourceSize": {"w":378,"h":582}
},
"lightR.png":
{
	"frame": {"x":703,"y":585,"w":356,"h":582},
	"rotated": false,
	"trimmed": true,
	"spriteSourceSize": {"x":6,"y":0,"w":356,"h":582},
	"sourceSize": {"w":378,"h":582}
},
"lineScrollB.png":
{
	"frame": {"x":54,"y":1246,"w":502,"h":16},
	"rotated": false,
	"trimmed": false,
	"spriteSourceSize": {"x":0,"y":0,"w":502,"h":16},
	"sourceSize": {"w":502,"h":16}
},
"lineScrollM.png":
{
	"frame": {"x":558,"y":1246,"w":502,"h":16},
	"rotated": false,
	"trimmed": false,
	"spriteSourceSize": {"x":0,"y":0,"w":502,"h":16},
	"sourceSize": {"w":502,"h":16}
},
"logo.png":
{
	"frame": {"x":1667,"y":368,"w":200,"h":200},
	"rotated": false,
	"trimmed": false,
	"spriteSourceSize": {"x":0,"y":0,"w":200,"h":200},
	"sourceSize": {"w":200,"h":200}
},
"logoDaoCasino.png":
{
	"frame": {"x":1490,"y":1062,"w":376,"h":64},
	"rotated": false,
	"trimmed": false,
	"spriteSourceSize": {"x":0,"y":0,"w":376,"h":64},
	"sourceSize": {"w":376,"h":64}
},
"pirateTitle.png":
{
	"frame": {"x":1,"y":1,"w":700,"h":1243},
	"rotated": false,
	"trimmed": true,
	"spriteSourceSize": {"x":76,"y":113,"w":700,"h":1243},
	"sourceSize": {"w":1000,"h":1356}
},
"pointDark.png":
{
	"frame": {"x":34,"y":1246,"w":18,"h":18},
	"rotated": false,
	"trimmed": true,
	"spriteSourceSize": {"x":0,"y":0,"w":18,"h":18},
	"sourceSize": {"w":21,"h":21}
},
"pointLight.png":
{
	"frame": {"x":1,"y":1246,"w":31,"h":33},
	"rotated": false,
	"trimmed": true,
	"spriteSourceSize": {"x":2,"y":1,"w":31,"h":33},
	"sourceSize": {"w":39,"h":39}
},
"tableLogo.png":
{
	"frame": {"x":1062,"y":236,"w":780,"h":82},
	"rotated": false,
	"trimmed": false,
	"spriteSourceSize": {"x":0,"y":0,"w":780,"h":82},
	"sourceSize": {"w":780,"h":82}
},
"tableLogoMenu.png":
{
	"frame": {"x":1062,"y":1,"w":827,"h":233},
	"rotated": false,
	"trimmed": false,
	"spriteSourceSize": {"x":0,"y":0,"w":827,"h":233},
	"sourceSize": {"w":827,"h":233}
},
"titleGame.png":
{
	"frame": {"x":1435,"y":701,"w":438,"h":359},
	"rotated": false,
	"trimmed": true,
	"spriteSourceSize": {"x":16,"y":0,"w":438,"h":359},
	"sourceSize": {"w":470,"h":359}
}},
"meta": {
	"app": "http://www.codeandweb.com/texturepacker",
	"version": "1.0",
	"image": "ItemsTexture.png",
	"format": "RGBA8888",
	"size": {"w":1989,"h":1280},
	"scale": "1",
	"smartupdate": "$TexturePacker:SmartUpdate:f53e5993e7d864c62b45ba8684c3c4a7:2dd1aa6ea13721c23218b9ee9011863d:29ffe990510fa8f85301e924bd91231e$"
}
}
